coach_code,name,gender,function,country_code,disciplines,birth_date
1533246,PEDRERO Ofelia,F,Coach,MEX,Artistic Swimming,1988-03-28
1535775,RADHI SHENAISHIL,M,Head Coach,IRQ,Football,1965-07-01
1536055,AFLAKIKHAMSEH Majid,M,Coach,IRI,Taekwondo,1973-08-26
1536059,YOUSEFY Mehrdad,M,Coach,IRI,Taekwondo,1972-06-12
1536060,MADDAH Minoo,F,Coach,IRI,Taekwondo,1976-05-17
1536328,LOFTUS Adriana,F,Coach,MEX,Artistic Swimming,1958-06-28
1538313,FERRARA Fernando,M,Head Coach,ARG,Hockey,1968-07-24
1538315,GULLA Alejandra,F,Assistant Coach,ARG,Hockey,1977-07-04
1538317,CAPURRO Santiago,M,Assistant Coach,ARG,Hockey,1975-04-08
1538745,RONCONI Mariano,M,Head Coach,ARG,Hockey,
1538748,PAULON Ezequiel,M,Assistant Coach,ARG,Hockey,
1538751,VILA Matias,M,Assistant Coach,ARG,Hockey,
1539598,KHEIRKHAH HAJIRASOULIAN Mohammadre.,M,Coach,IRI,Artistic Gymnastics,1965-06-27
1540258,DAVIS DIAZ David,M,Coach,MEX,Taekwondo,1977-10-07
1540259,MENDOZA MORA Abel,M,Coach,MEX,Taekwondo,1988-02-26
1540260,VICTORIA ESPINOSA de los Alfonso,M,Coach,MEX,Taekwondo,1985-02-01
1540522,MILANO Guillermo,M,Head Coach,ARG,Handball,1973-02-08
1540638,GOMEZ CORA Santiago,M,Head Coach,ARG,Rugby Sevens,1978-07-25
1540639,GRAVANO Leonardo,M,Assistant Coach,ARG,Rugby Sevens,1973-08-30
1540840,FILIORIANU Ana Luiza,F,Coach,ROU,Rhythmic Gymnastics,1999-07-10
1542341,SMAILI Badr,M,Coach,MAR,Taekwondo,1993-05-07
1542904,OCEGUERA ORNELAS Pavel,M,Coach,MEX,Artistic Gymnastics,1971-09-10
1542908,VALENZUELA GOMEZ Maria,F,Coach,MEX,Artistic Gymnastics,1976-07-23
1542913,MEZA PADILLA Jose,M,Coach,MEX,Artistic Gymnastics,1977-01-25
1542973,AGUILAR ROJAS Blajaith,F,Coach,MEX,Rhythmic Gymnastics,1991-09-30
1542976,FURALEV Vladislav,M,Coach,MEX,Rhythmic Gymnastics,1970-01-04
1543567,UPTON Patrick Anthony Howard,M,Coach,IND,Hockey,1968-11-05
1543570,SCHOPMAN Johanna Dorothea Maria,F,Coach,IND,Hockey,1977-04-26
1543575,HALKETT Rhett Kennedy,M,Assistant Coach,IND,Hockey,1986-05-02
1543576,FULTON Craig Arthur,M,Head Coach,IND,Hockey,1974-11-06
1543577,FARRY Anthony James,M,Coach,IND,Hockey,1973-07-13
1544157,THORPE Karen,F,Coach,GBR,Artistic Swimming,1973-04-21
1544158,TOMOMATSU Yumiko,F,Coach,GBR,Artistic Swimming,1972-07-21
1544489,CURRAN Orlaith,F,Assistant Coach,IRL,Rugby Sevens,1990-08-08
1545106,NASKAR Arup,M,Coach,IND,Hockey,1983-05-05
1545139,CHINNASAMY Ashok Kumar,M,Coach,IND,Hockey,1991-04-24
1545947,BUSNARI Alberto,M,Coach,ITA,Artistic Gymnastics,1978-10-04
1545949,COCCIARO Giuseppe,M,Coach,ITA,Artistic Gymnastics,1959-08-05
1545950,FORTUNA Marco,M,Coach,ITA,Artistic Gymnastics,1961-06-06
1545955,BERGAMELLI Monica Roberta,F,Coach,ITA,Artistic Gymnastics,1984-05-24
1546310,CHIRILCENCO Marc Michel,M,Coach,ALG,Artistic Gymnastics,1968-04-24
1546312,HAMICI Saad Eddine,M,Coach,ALG,Artistic Gymnastics,1970-09-06
1546698,HERRANZ MARTIN Miguel Angel,M,Coach,ESP,Taekwondo,1964-04-02
1546699,RAMAL MUNOZ Jesus,M,Coach,ESP,Taekwondo,1968-09-01
1546700,SEIJO GIEBELS Christian Jaime,M,Coach,ESP,Taekwondo,1977-03-27
1546701,TOLEDO AROCA Antonio,M,Coach,ESP,Taekwondo,1977-06-08
1546702,YAGUE ENRIQUE Brigida,F,Coach,ESP,Taekwondo,1981-03-15
1548427,JONES Gilmar,M,Coach,SUR,Taekwondo,1986-01-26
1548848,DIMITROVA Vesela,F,Coach,BUL,Rhythmic Gymnastics,1975-10-28
1548875,STOYNEVA Yasena,F,Coach,BUL,Rhythmic Gymnastics,1988-11-10
1548895,MARKOVA Branimira,F,Coach,BUL,Rhythmic Gymnastics,1973-10-01
1548902,PAMUKOVA Mariyana,F,Coach,BUL,Rhythmic Gymnastics,1982-08-22
1548919,IVANOVA Valentina,F,Coach,BUL,Rhythmic Gymnastics,1977-05-29
1549452,LEE Eui Yong,M,Coach,GAM,Taekwondo,1971-02-09
1550038,ARILL Samuel,M,Assistant Coach,PUR,Basketball,1975-08-24
1550039,MORALES OTERO Carlos,M,Assistant Coach,PUR,Basketball,1958-08-30
1550047,BATISTA Gerardo,M,Coach,PUR,Basketball,1970-12-21
1550196,COTUTIU Florin,M,Coach,ROU,Artistic Gymnastics,1975-03-13
1550198,JONES Daymon,M,Coach,ROU,Artistic Gymnastics,1975-06-05
1550199,KIENS Patrick,M,Coach,ROU,Artistic Gymnastics,1971-05-05
1550201,MOROSAN Corina,F,Coach,ROU,Artistic Gymnastics,1967-09-14
1550203,VOINEA Camelia,F,Coach,ROU,Artistic Gymnastics,1970-03-02
1550267,BERBECAR Marius,M,Coach,ROU,Artistic Gymnastics,1985-05-15
1552001,LIU Tsung-Ta,M,Coach,TPE,Taekwondo,1974-10-10
1555083,GEORGALLAS Irodotos,M,Coach,CYP,Artistic Gymnastics,1977-12-14
1555113,PETRIDIS Panagiotis,M,Coach,CYP,Artistic Gymnastics,1964-05-06
1555115,FLANNERY Eimear,F,Assistant Coach,IRL,Rugby Sevens,1982-02-02
1555131,SHIPPI Panayiotis,M,Coach,CYP,Artistic Gymnastics,1982-03-25
1555182,TRIKOMITI Chrystalleni,F,Coach,CYP,Rhythmic Gymnastics,1993-11-30
1556249,DEACU George,M,Assistant Coach,ROU,Water Polo,1984-11-24
1556255,RATH Bogdan,M,Head Coach,ROU,Water Polo,1972-06-28
1557013,ARIAS Ramon,M,Coach,CHI,Taekwondo,1956-08-18
1559048,WIBERG Johanna,F,Assistant Coach,SWE,Handball,1983-09-06
1559066,FORSBERG Thomas,M,Assistant Coach,SWE,Handball,1980-09-04
1559067,AXNER Tomas,M,Head Coach,SWE,Handball,1969-11-30
1560169,DIOVOL Alioune,M,Coach,SEN,Taekwondo,1979-06-19
1561282,da ROCHA Cristiano,M,Head Coach,BRA,Handball,1981-06-10
1561719,ALTENBURG Valentin,M,Head Coach,GER,Hockey,1981-06-04
1561732,HENNING Andre,M,Head Coach,GER,Hockey,1983-12-03
1561734,SCHMITZ Johannes,M,Assistant Coach,GER,Hockey,1988-03-23
1561740,ARKELL Robin,M,Coach,GER,Hockey,1988-05-18
1561741,GADEMAN Pasha,M,Assistant Coach,GER,Hockey,1988-03-06
1562260,WEIDINGER Markus,M,Coach,AUT,Taekwondo,1984-12-25
1562563,SOLBERG Glenn,M,Head Coach,SWE,Handball,1972-02-18
1562564,SVENSSON Tomas,M,Assistant Coach,SWE,Handball,1968-02-15
1562566,APELGREN Michael,M,Assistant Coach,SWE,Handball,1984-08-20
1562778,TANKOUCHEV Milko,M,Coach,BUL,Artistic Gymnastics,1958-12-15
1562790,YANEV Filip,M,Coach,BUL,Artistic Gymnastics,1982-03-10
1562963,WINIARSKI Michal,M,Head Coach,GER,Volleyball,1983-09-28
1562973,RANNER Thomas,M,Assistant Coach,GER,Volleyball,1987-07-31
1562974,POSMYK Dominik,M,Assistant Coach,GER,Volleyball,1995-08-12
1563661,SALLAH Mariama M.,F,Coach,GAM,Taekwondo,1975-01-17
1563956,TUMILTY Mark,M,Head Coach,IRL,Hockey,
1563966,TOTH Balazs,M,Coach,GER,Taekwondo,1983-08-31
1564287,QUSAI MUNIR,M,Assistant Coach,IRQ,Football,1980-04-12
1564321,CRUZ LOPEZ Jose L,M,Assistant Coach,PUR,Basketball,1969-10-03
1564323,COLON Nelson,M,Coach,PUR,Basketball,1978-01-24
1564325,CRUZ Rafael,M,Assistant Coach,PUR,Basketball,1979-08-14
1564413,BESHEER Gamal,M,Coach,EGY,Artistic Gymnastics,1970-10-30
1564469,MOHAMED Ahmed,M,Coach,EGY,Artistic Gymnastics,1986-11-26
1564470,ABDELMEGUID Zakaria,M,Coach,EGY,Artistic Gymnastics,1975-02-23
1564477,MOHAMED Mayar,F,Coach,EGY,Rhythmic Gymnastics,1992-07-14
1564481,HUSSEIN Noha,F,Coach,EGY,Rhythmic Gymnastics,1988-02-09
1565043,MOUNDOUNGA KOMBILA Stephane,M,Coach,GAB,Taekwondo,1986-11-07
1565143,MLADENOVA Albena,F,Coach,AUT,Artistic Swimming,1964-06-10
1565591,AL-ASSAF Faris,M,Coach,JOR,Taekwondo,1981-11-21
1565609,ALSADEQ Yazan,M,Coach,JOR,Taekwondo,1993-06-29
1565612,ALJALLAD Riham,F,Coach,JOR,Taekwondo,1983-05-06
1565657,KRAVCHENKO Sergiy,M,Assistant Coach,UKR,Football,1983-04-24
1565672,ROTAN Ruslan,M,Head Coach,UKR,Football,
1565759,SIREKANYAN Gurgen,M,Coach,JOR,Artistic Gymnastics,1981-11-15
1566325,FREHSE Gabriele,F,Coach,AUT,Artistic Gymnastics,1960-10-25
1566746,SAHIN Ali,M,Coach,TUR,Taekwondo,1967-06-02
1566749,TAZEGUL Servet,M,Coach,TUR,Taekwondo,1988-09-26
1567065,BABEL Vincent,M,Coach,SUR,Taekwondo,1975-06-26
1568152,GOKTEKIN Yilmaz,M,Coach,TUR,Artistic Gymnastics,1972-01-01
1568153,NURI Tufan,M,Coach,TUR,Artistic Gymnastics,1991-01-01
1568648,GOJKOVIC Vladimir,M,Head Coach,MNE,Water Polo,1981-01-29
1569994,TOMAS Toni,M,Coach,GBR,Taekwondo,1980-12-17
1569995,LAURA Veljko,M,Coach,CRO,Taekwondo,1984-08-12
1569996,MESAROV Dejan,M,Coach,CRO,Taekwondo,1983-07-06
1572261,GALAMBOS Bence,M,Coach,HUN,Taekwondo,1992-11-30
1572269,MARTON Luana,F,Coach,HUN,Taekwondo,2006-02-16
1572364,SALIM Gergely,M,Coach,HUN,Taekwondo,1972-04-01
1572370,SALIM Sharif Gergely,M,Coach,HUN,Taekwondo,2002-02-26
1572373,MIKKONEN Suvi,F,Coach,HUN,Taekwondo,1988-07-11
1572650,ROUSSEAUX Emile,M,Head Coach,FRA,Volleyball,1961-04-03
1572652,ANDRE Felix,M,Assistant Coach,FRA,Volleyball,1987-03-19
1572654,GAUTHIER Charles,M,Assistant Coach,FRA,Volleyball,1981-12-31
1573466,TOUPANE Jean Aime,M,Coach,FRA,Basketball,1958-01-12
1573467,MELAIN Catherine,F,Assistant Coach,FRA,Basketball,1974-05-19
1573468,GAUTIER David,M,Assistant Coach,FRA,Basketball,1980-01-08
1573469,HALIN Gregory,M,Coach,FRA,Basketball,1972-04-12
1573470,LEONARD Christophe,M,Coach,FRA,Basketball,1990-01-03
1573668,COLLET Vincent,M,Coach,FRA,Basketball,1963-06-06
1573669,DONNADIEU Pascal,M,Assistant Coach,FRA,Basketball,1964-05-29
1573670,ATKINSON Kenny,M,Assistant Coach,FRA,Basketball,1967-06-02
1573671,NELHOMME Ruddy,M,Coach,FRA,Basketball,1972-03-15
1573672,GOMIS Joseph,M,Coach,FRA,Basketball,1978-07-02
1574076,CIAMARRA Roberto,M,Assistant Coach,FRA,Volleyball,1982-03-30
1574080,GEILER Loic,M,Assistant Coach,FRA,Volleyball,1984-04-14
1574082,GIANI Andrea,M,Head Coach,FRA,Volleyball,1970-04-22
1830240,WENG Shih-Hang,M,Coach,TPE,Artistic Gymnastics,1982-10-20
1835894,TSAI Heng-Cheng,M,Coach,TPE,Artistic Gymnastics,1978-10-03
1878950,SANTARELLI Daniele,M,Head Coach,TUR,Volleyball,1981-06-08
1878952,FLISI Diego,M,Assistant Coach,TUR,Volleyball,1979-05-09
1878956,ZOTTA Andrea,M,Assistant Coach,TUR,Volleyball,1994-12-27
1879044,VATANSEVER Recep,M,Assistant Coach,TUR,Volleyball,1991-01-17
1879645,DARET Jerome,M,Head Coach,FRA,Rugby Sevens,1974-12-26
1879871,KRUMBHOLZ Olivier,M,Head Coach,FRA,Handball,1958-07-12
1879872,GARDILLOU Sebastien,M,Assistant Coach,FRA,Handball,1975-08-29
1879875,LEYNAUD Amandine,F,Assistant Coach,FRA,Handball,1986-05-02
1880219,GALKIN Evgeniy,M,Coach,UZB,Artistic Gymnastics,1952-07-08
1880226,ABDUSAMATOV Khusniddin,M,Coach,UZB,Artistic Gymnastics,1996-04-08
1880388,MWEMA Kevin,M,Head Coach,KEN,Rugby Sevens,1985-10-08
1880389,AMONDE Andrew,M,Assistant Coach,KEN,Rugby Sevens,1983-12-25
1880390,KISIA Louis,M,Assistant Coach,KEN,Rugby Sevens,1986-09-03
1880620,HRUBESCH Horst,M,Head Coach,GER,Football,1951-04-17
1880626,CARLSON Britta,F,Assistant Coach,GER,Football,1978-03-03
1880629,FUCHS Michael,M,Goalkeeper Coach,GER,Football,1970-01-04
1880639,NOERENBERG Thomas,M,Assistant Coach,GER,Football,1963-12-25
1880657,MUKHAMEDOVA Rano,F,Coach,UZB,Rhythmic Gymnastics,1989-04-24
1880659,VLASOVA Liliya,F,Coach,UZB,Rhythmic Gymnastics,1981-06-26
1887640,KHAN Pavel,M,Coach,UZB,Taekwondo,1984-12-08
1887642,RAFALOVICH Maksim,M,Coach,UZB,Taekwondo,1990-05-13
1887644,KHAN Vladimir,M,Coach,UZB,Taekwondo,1984-12-06
1887648,BAYKUZIYEV Jasur,M,Coach,UZB,Taekwondo,1986-09-04
1888131,PAKKAN Saim,M,Assistant Coach,SRB,Volleyball,1989-03-27
1888241,NISHIIRI Toshihiro,M,Goalkeeper Coach,JPN,Football,1977-09-03
1888242,IKEDA Futoshi,M,Head Coach,JPN,Football,1970-10-04
1888246,MIYAMOTO Tomomi,F,Assistant Coach,JPN,Football,1978-12-31
1888338,MENEZES Jude,M,Head Coach,JPN,Hockey,1971-05-08
1888344,OZAWA Kazuyuki,M,Assistant Coach,JPN,Hockey,1979-02-27
1888372,ERSIMSEK Ahmetcan,M,Assistant Coach,SRB,Volleyball,1992-05-13
1888498,ROTHMAN Neville,M,Assistant Coach,IRL,Hockey,1977-06-13
1891425,GELLE Noemi Katalin,F,Coach,HUN,Rhythmic Gymnastics,1975-09-29
1891653,NAGANUMA Atsushi,M,Assistant Coach,JPN,Water Polo,1982-09-22
1891659,HAZUI Shota,M,Assistant Coach,JPN,Water Polo,1986-09-30
1891667,SHIOTA Yoshinori,M,Head Coach,JPN,Water Polo,1982-08-12
1891684,KAWAI Mayo,F,Coach,JPN,Artistic Swimming,1991-11-01
1891686,KASHIMA Tomoyo,F,Coach,JPN,Artistic Swimming,1995-02-17
1891688,NAKAJIMA Takako,F,Coach,JPN,Artistic Swimming,1986-09-25
1892047,KAPADZE Timur,M,Head Coach,UZB,Football,1981-09-05
1892050,CHIGODAEV Sergey,M,Assistant Coach,UZB,Football,1987-06-28
1893216,GILLE Guillaume,M,Head Coach,FRA,Handball,
1893217,MATHE Erick,M,Assistant Coach,FRA,Handball,1971-07-23
1893323,ALONSO TAPIA Rosendo,M,Coach,FRA,Taekwondo,1979-10-03
1893324,ALONSO TAPIA Gulsah,F,Coach,FRA,Taekwondo,1980-09-15
1893325,JUNG Woomin,M,Coach,FRA,Taekwondo,1986-04-09
1894657,WILLE Jonas,M,Head Coach,NOR,Handball,1976-05-20
1894659,EGE Steinar,M,Assistant Coach,NOR,Handball,1972-04-10
1894661,BOQUIST Martin,M,Assistant Coach,NOR,Handball,1977-02-02
1894662,OLSSON Mats,M,Assistant Coach,NOR,Handball,1960-01-12
1894663,HERGEIRSSON Thorir,M,Head Coach,NOR,Handball,1964-04-27
1894666,LARSEN Tonje,F,Assistant Coach,NOR,Handball,1975-01-26
1894756,JOERGENSEN Michael,M,Coach,NOR,Taekwondo,1963-01-05
1895149,DRASOCZKY Imre,M,Coach,HUN,Artistic Gymnastics,1968-11-15
1895269,BRUUN Michael,M,Assistant Coach,DEN,Handball,1970-10-08
1895270,JOERGENSEN Lars,M,Assistant Coach,DEN,Handball,1978-02-03
1895275,KRONBORG Henrik,M,Assistant Coach,DEN,Handball,1970-06-16
1895276,JACOBSEN Nikolaj,M,Head Coach,DEN,Handball,1971-11-22
1895279,JENSEN Jesper,M,Head Coach,DEN,Handball,1977-10-30
1895408,SOYEZ Frederic,M,Head Coach,FRA,Hockey,1978-02-11
1895409,SALA Ramon,M,Assistant Coach,FRA,Hockey,1971-08-08
1895410,LOMBI Jorge,M,Assistant Coach,FRA,Hockey,1971-11-01
1895517,SZUCS Robert,M,Coach,HUN,Artistic Gymnastics,1972-11-10
1895520,TRENKA Janos,M,Coach,HUN,Artistic Gymnastics,1979-10-07
1896158,HARVEY Mike,M,Coach,GBR,Taekwondo,1989-09-21
1896160,MAIZEROI Torann,M,Coach,GBR,Taekwondo,1989-04-01
1896164,MILLER Nelson,M,Coach,GBR,Taekwondo,1965-11-18
1896167,STAMPER Martin,M,Coach,GBR,Taekwondo,1986-08-21
1896246,POLJAKOVA Shanna,F,Coach,GER,Artistic Gymnastics,1960-09-12
1896251,BELENKI Valeri,M,Coach,GER,Artistic Gymnastics,1969-09-05
1896252,CATANOIU Grigore,M,Coach,GER,Artistic Gymnastics,1969-12-28
1896253,BRYLOK Hubert,M,Coach,GER,Artistic Gymnastics,1960-02-10
1896258,TEMME Kay,M,Coach,GER,Artistic Gymnastics,1971-08-16
1896262,PFEFFER Camilla,F,Coach,GER,Rhythmic Gymnastics,1993-01-24
1896275,RASKINA Yuliya,F,Coach,GER,Rhythmic Gymnastics,1982-04-09
1896279,CAMICIOTTI Giacomo,M,Coach,GER,Artistic Gymnastics,1985-05-20
1896290,DUNAVSKA MINEKOVA Kameliya,F,Coach,GER,Rhythmic Gymnastics,1969-04-21
1896562,PARECKI Antoni Jerzy,M,Assistant Coach,JPN,Handball,1960-06-13
1896698,SNYMAN Philip,M,Head Coach,RSA,Rugby Sevens,1987-03-26
1896700,LUCKAN Ghafoer,M,Assistant Coach,RSA,Rugby Sevens,1985-12-18
1897091,GONZALEZ NUNEZ Arlen,M,Coach,CUB,Taekwondo,1974-05-26
1897234,SHARABI Yechiam,M,Coach,ISR,Taekwondo,1978-08-27
1897292,BLECHER SIDOROVA Svetlana,F,Coach,ISR,Artistic Swimming,1965-06-17
1897395,ABDELRAHMAN Osama,M,Coach,EGY,Taekwondo,1973-11-27
1897398,YOUSSEF Mohamed,M,Coach,EGY,Taekwondo,1977-03-05
1897518,ZAITSEVA Olesia,F,Coach,UKR,Artistic Swimming,1974-11-08
1897547,SARTYNSKYI Gennadii,M,Coach,UKR,Artistic Gymnastics,1953-10-30
1897548,GORBACHEVA Iryna,F,Coach,UKR,Artistic Gymnastics,1984-07-04
1897550,KAIUKOVA Iuliia,F,Coach,UKR,Artistic Gymnastics,1989-08-22
1897590,DERYUGINA Iryna,F,Coach,UKR,Rhythmic Gymnastics,1958-01-11
1897591,BLOKHINA Iryna,F,Coach,UKR,Rhythmic Gymnastics,1983-01-15
1897592,KARDASH Maryna,F,Coach,UKR,Rhythmic Gymnastics,1974-05-20
1897594,VASYLIEVA Marharyta,F,Coach,UKR,Rhythmic Gymnastics,1999-05-02
1897752,KHOLOD Maryna,F,Coach,NZL,Artistic Swimming,1980-08-23
1897775,RA Sanghyun,M,Coach,FIJ,Taekwondo,1972-07-26
1897904,KIM Hyou Mi,F,Coach,KOR,Artistic Swimming,1983-11-30
1898398,ROSILLO ATENCIA Jose Antonio,M,Coach,NOR,Taekwondo,1990-05-20
1898540,LAI Yawen,F,Assistant Coach,CHN,Volleyball,
1898944,HERBERT Gordie,M,Coach,GER,Basketball,1959-02-16
1898950,THOMAIDIS Lisa,F,Coach,GER,Basketball,1971-07-23
1898951,PARSONS Sidney,F,Assistant Coach,GER,Basketball,1987-12-05
1898953,MEADOWS Clarissa,F,Assistant Coach,GER,Basketball,1984-05-28
1898956,THUSS Anne,F,Coach,GER,Basketball,1963-01-30
1898959,PERWAS Klaus,M,Assistant Coach,GER,Basketball,1971-03-08
1898960,BRIELMEIER Bret,M,Coach,GER,Basketball,1985-11-28
1898962,HERBERT Daniel,M,Assistant Coach,GER,Basketball,1994-09-28
1899054,REVINGTON Paul,M,Head Coach,GBR,Hockey,1973-09-07
1899056,BROWNE Kwan,M,Coach,GBR,Hockey,1977-12-11
1899057,GLYNN Katie,F,Assistant Coach,GBR,Hockey,1989-03-14
1899058,HICKMAN Mark,M,Coach,GBR,Hockey,1973-08-22
1899060,PAUL Jody,M,Coach,GBR,Hockey,1976-05-25
1899061,RALPH David,M,Head Coach,GBR,Hockey,1972-08-17
1899062,SIEBEN Craig,M,Coach,GBR,Hockey,1983-09-29
1899085,GRESKOWIAK Arne,M,Coach,GER,Basketball,1984-07-28
1899175,HOLGUIN Ramon,M,Coach,DOM,Artistic Gymnastics,1974-05-19
1899285,WUDTKE Erik,M,Assistant Coach,GER,Handball,1972-07-17
1899286,BEPPLER Jochen,M,Assistant Coach,GER,Handball,1979-08-30
1899289,ANDERSSON Mattias,M,Assistant Coach,GER,Handball,1978-03-29
1899294,GISLASON Alfred,M,Head Coach,GER,Handball,1959-09-07
1899296,GAUGISCH Markus,M,Head Coach,GER,Handball,1974-04-20
1899298,JANKOVIC Jasmina,F,Assistant Coach,GER,Handball,1986-12-06
1900728,HENRY Thierry,M,Head Coach,FRA,Football,1977-08-17
1900729,BATICLE Gerald,M,Assistant Coach,FRA,Football,1969-09-10
1900730,CLICHY Gael,M,Assistant Coach,FRA,Football,1985-07-26
1900731,JANOT Jeremie,M,Goalkeeper Coach,FRA,Football,1977-10-11
1901253,PEREIRA BRAVO Joao,M,Assistant Coach,CAN,Volleyball,1979-01-07
1901258,SAMMELVUO Tuomas,M,Head Coach,CAN,Volleyball,1976-02-16
1901261,HAWKINS Michael,M,Assistant Coach,CAN,Volleyball,1989-10-24
1901805,ZHENG Wei,F,Coach,CHN,Basketball,1968-09-26
1901806,JIA Nan,M,Coach,CHN,Basketball,1974-03-03
1901810,PARK Myungsoo,M,Assistant Coach,CHN,Basketball,1962-02-22
1901818,RUPEREZ Cesar,M,Assistant Coach,CHN,Basketball,1975-05-17
1901832,USUI Tomohiro,M,Coach,JPN,Basketball,1991-07-19
1901835,KONNO Kakeru,M,Assistant Coach,JPN,Basketball,1994-01-26
1901836,SUZUKI Yoshikazu,M,Assistant Coach,JPN,Basketball,1979-06-08
1901839,ONZUKA Toru,M,Coach,JPN,Basketball,1979-06-05
1901846,SASSA Norio,M,Coach,JPN,Basketball,1984-05-13
1901849,GAINES Corey,M,Assistant Coach,JPN,Basketball,1965-06-01
1901850,HOVASSE Tom,M,Coach,JPN,Basketball,1967-01-31
1901851,KATSUHISA Geoffrey,M,Assistant Coach,JPN,Basketball,1981-05-18
1902695,CHOI Chatchai,M,Coach,THA,Taekwondo,1974-04-30
1902795,SONKHAM Chanatip,F,Coach,THA,Taekwondo,1991-03-01
1902914,RUSEK Pawel,M,Assistant Coach,POL,Volleyball,1983-01-21
1902918,GRBIC Nikola,M,Head Coach,POL,Volleyball,1973-09-06
1902919,SWACZYNA Adam,M,Assistant Coach,POL,Volleyball,1989-05-04
1903371,MATOSEVIC Valter,M,Assistant Coach,CRO,Handball,1970-06-11
1903379,SIGURDSSON Dagur,M,Head Coach,CRO,Handball,1973-04-03
1903381,SPOLJARIC Denis,M,Assistant Coach,CRO,Handball,1979-08-20
1903569,DUPUIS Kevin,M,Coach,FRA,Artistic Gymnastics,1991-10-12
1903570,GEORGE Martine,F,Coach,FRA,Artistic Gymnastics,1974-10-19
1903575,POTAPENKO Valentin,M,Coach,FRA,Artistic Gymnastics,1956-01-14
1903577,HAGARD Monique,F,Coach,FRA,Artistic Gymnastics,1965-12-08
1903584,BARANOVA VOLCHETSKAYA Anna,F,Coach,FRA,Rhythmic Gymnastics,1952-03-03
1903585,BAYON Sara,F,Coach,FRA,Rhythmic Gymnastics,1981-05-19
1903590,GUILLIERE Katia,F,Coach,FRA,Rhythmic Gymnastics,1973-12-02
1903594,MILAN Gregory,M,Coach,FRA,Rhythmic Gymnastics,1973-03-15
1903707,ABDELFATTAH Aziza,F,Coach,EGY,Artistic Swimming,1990-12-08
1903722,MOHAMED Mai,F,Coach,EGY,Artistic Swimming,1990-04-04
1903754,LATIF Yasmine,F,Coach,EGY,Artistic Swimming,1982-12-12
1903771,FABRE Julie,F,Coach,FRA,Artistic Swimming,1976-06-27
1903772,OBRY Laure,F,Coach,FRA,Artistic Swimming,1978-07-02
1903773,ANNEQUIN Marie,F,Coach,FRA,Artistic Swimming,1992-02-19
1903829,ANGILLIS Pascal,M,Assistant Coach,BEL,Basketball,1972-03-06
1903832,KAISER Pierre-Yves,M,Coach,BEL,Basketball,1988-06-16
1903833,LORENT Jill,F,Assistant Coach,BEL,Basketball,1987-08-31
1903888,de SCHEPPER Bram,M,Coach,BEL,Artistic Gymnastics,1988-07-07
1903889,DECKX Stefan,M,Coach,BEL,Artistic Gymnastics,1979-02-09
1903900,RECKINGER Xavier,M,Assistant Coach,BEL,Hockey,1983-12-20
1904214,JEONG Eul Jin,M,Coach,KOR,Taekwondo,1971-04-23
1904215,KANG Bo Hyeon,F,Coach,KOR,Taekwondo,1991-09-08
1904220,LEE Dongchul,M,Coach,KOR,Taekwondo,1978-03-18
1904221,OH Hyeri,F,Coach,KOR,Taekwondo,1988-04-30
1904223,SON Hyo Bong,M,Coach,KOR,Taekwondo,1972-04-12
1904759,BEAGLEY Michael,M,Coach,GBR,Artistic Gymnastics,1968-11-07
1904761,CLAY Jenny,F,Coach,GBR,Artistic Gymnastics,1988-05-17
1904762,COLLIE Barry,M,Coach,GBR,Artistic Gymnastics,1979-01-10
1904765,HALL Paul,M,Coach,GBR,Artistic Gymnastics,1964-04-29
1904766,HANN Scott,M,Coach,GBR,Artistic Gymnastics,1980-06-26
1904767,HOWELLS Ben,M,Coach,GBR,Artistic Gymnastics,1976-03-27
1904768,INCE Brett,M,Coach,GBR,Artistic Gymnastics,1988-05-23
1904769,KENWRIGHT David,M,Coach,GBR,Artistic Gymnastics,1963-04-25
1904771,RICHARDSON Joshua,M,Coach,GBR,Artistic Gymnastics,1991-03-15
1904772,RICHARDSON Molly,F,Coach,GBR,Artistic Gymnastics,1995-04-12
1904775,TRANDABURU Ionut,M,Coach,GBR,Artistic Gymnastics,1977-03-29
1904996,JANKOVSKY Viktor,M,Coach,CZE,Taekwondo,1988-08-16
1904998,ZHEREBCHEVSKYI Anton,M,Coach,CZE,Taekwondo,1989-10-21
1904999,HYBRANT Bohuslav,M,Coach,CZE,Taekwondo,1968-03-13
1906041,FOULARD Gael,M,Head Coach,FRA,Hockey,1972-04-16
1906042,JAQUET Nicolas,M,Assistant Coach,FRA,Hockey,1976-05-06
1906448,LORANTOS Theodoros,M,Head Coach,FRA,Water Polo,1971-07-05
1906454,DERENTY Lorene,F,Assistant Coach,FRA,Water Polo,1994-09-04
1906462,BRUZZO Florian,M,Head Coach,FRA,Water Polo,1982-06-12
1906468,KOBESCAK Vjekoslav,M,Assistant Coach,FRA,Water Polo,1974-01-20
1908234,MENDEZ Marcelo,M,Head Coach,ARG,Volleyball,1964-06-20
1908241,LOPEZ Martin,M,Assistant Coach,ARG,Volleyball,1980-10-17
1908245,RICO GOLBA Pablo,M,Assistant Coach,ARG,Volleyball,1966-11-03
1908299,ALVAREZ Jorge,M,Coach,ARG,Taekwondo,1989-06-23
1908401,ARROYO Gavin,M,Assistant Coach,USA,Water Polo,1972-05-10
1908402,UDOVICIC Dejan,M,Head Coach,USA,Water Polo,1970-07-26
1908403,USTASZEWSKI Matt,M,Assistant Coach,USA,Water Polo,1981-05-17
1908408,CAHILL Molly,F,Assistant Coach,USA,Water Polo,1985-04-21
1908409,KRIKORIAN Adam,M,Head Coach,USA,Water Polo,1974-07-22
1908410,OEDING Chris,M,Assistant Coach,USA,Water Polo,1971-09-10
1908549,AMADOU Soumaila,M,Coach,NIG,Taekwondo,1967-10-09
1908649,KWIEK Marcos,M,Head Coach,DOM,Volleyball,1967-07-18
1908654,ROCHA PACHECO Wagner,M,Assistant Coach,DOM,Volleyball,1977-01-26
1908776,YAMAMOTO Hayato,M,Assistant Coach,JPN,Rugby Sevens,1982-04-16
1908788,AMOR Simon Daniel Edward,M,Head Coach,JPN,Rugby Sevens,1979-04-25
1908796,SUZUKI Takashi,M,Head Coach,JPN,Rugby Sevens,1981-01-18
1908800,SAKATA Takahiro,M,Assistant Coach,JPN,Rugby Sevens,1971-04-07
1908801,UMEDA Koichi,M,Assistant Coach,JPN,Rugby Sevens,1987-05-30
1908804,KANEMATSU Yuka,F,Assistant Coach,JPN,Rugby Sevens,1982-06-17
1908808,SANCHEZ DURAN Wilson,M,Assistant Coach,DOM,Volleyball,1977-07-01
1908861,ZHANG Xiaohuan,F,Coach,CHN,Artistic Swimming,1980-08-19
1908862,WANG Jiuli,F,Coach,CHN,Artistic Swimming,1969-04-27
1908863,HE Xiaochu,F,Coach,CHN,Artistic Swimming,1982-04-04
1908864,SHEN Yingsha,F,Coach,CHN,Artistic Swimming,1979-01-05
1908865,TARRES CAMPA Ana,F,Coach,CHN,Artistic Swimming,1967-10-19
1908866,ZHAO Dantong,F,Coach,CHN,Artistic Swimming,1989-01-13
1909191,BUGDAEV Kurban,M,Coach,KSA,Taekwondo,1980-06-23
1909799,ASMOLOV Natalia,F,Coach,ISR,Rhythmic Gymnastics,1961-05-19
1909813,MAYRIN Ida,F,Coach,ISR,Rhythmic Gymnastics,1997-10-30
1909827,SZUCS Krisztian,M,Coach,HUN,Taekwondo,2000-12-11
1909847,STSIAPANAVA Natalia,F,Coach,ISR,Rhythmic Gymnastics,1973-10-27
1909857,VAISBURG Sergei,M,Coach,ISR,Artistic Gymnastics,1965-04-28
1909866,KLEFNER BEN SHIMOL Moran,F,Coach,ISR,Artistic Gymnastics,1982-06-24
1909923,ELNAFRAWY Mohamed,M,Assistant Coach,EGY,Volleyball,1983-06-09
1909939,BEN JABALLAH Maaouia,M,Coach,TUN,Archery,1957-06-28
1910378,GUAN Jianmin,M,Coach,CHN,Taekwondo,1963-05-06
1910380,KIM Young Jin,M,Coach,CHN,Taekwondo,1976-12-11
1910382,KONG Fantao,F,Coach,CHN,Taekwondo,1978-03-13
1910489,ZUSSMAN Ayelet,F,Coach,ISR,Rhythmic Gymnastics,1979-03-27
1910511,SAMOFALOV Ela,F,Coach,ISR,Rhythmic Gymnastics,1966-05-09
1911256,ARZA Carlos Vivier,M,Head Coach,ANG,Handball,1973-10-24
1912238,CATITO Nelson,M,Assistant Coach,ANG,Handball,1969-09-21
1913681,CAI Bin,M,Head Coach,CHN,Volleyball,1966-10-04
1913682,LI Yanlong,M,Assistant Coach,CHN,Volleyball,1980-03-22
1913683,YUAN Zhi,M,Assistant Coach,CHN,Volleyball,1981-09-29
1914566,HYTTEL Tobias,M,Coach,DEN,Taekwondo,2002-01-06
1914822,SETTA Tarik,M,Coach,DEN,Taekwondo,1981-01-18
1914903,ACHARKI Aziz,M,Coach,DEN,Taekwondo,1972-03-27
1915796,TUCAK Ivica,M,Head Coach,CRO,Water Polo,1970-02-08
1915797,POSINKOVIC Renco,M,Assistant Coach,CRO,Water Polo,1964-01-04
1915807,MARELJA Jure,M,Assistant Coach,CRO,Water Polo,1980-04-01
1915986,COURTEIX David,M,Head Coach,FRA,Rugby Sevens,1972-05-30
1915987,IGARZA Germain,M,Assistant Coach,FRA,Rugby Sevens,1983-06-06
1917115,COULIBALY Abdoulaye,M,Assistant Coach,MLI,Football,1985-03-18
1917164,DIALLO Badara Alou,M,Head Coach,MLI,Football,1969-12-31
1917720,DUNPHY Marv,M,2nd Assistant Coach,USA,Volleyball,1948-01-07
1917721,KIRALY Karch,M,Head Coach,USA,Volleyball,1960-11-03
1917722,MIYASHIRO Tama,F,Assistant Coach,USA,Volleyball,1987-07-08
1917723,REFT Alfee,M,Assistant Coach,USA,Volleyball,1982-12-15
1917725,VIRTUE Erin,F,Assistant Coach,USA,Volleyball,1983-04-13
1917858,BROWN Gareth,M,Coach,USA,Taekwondo,1979-03-23
1918016,FUERBRINGER Matt,M,Assistant Coach,USA,Volleyball,1974-01-29
1918018,SPERAW John,M,Head Coach,USA,Volleyball,1971-10-18
1918019,WEBER Javi,M,Assistant Coach,USA,Volleyball,1966-01-06
1918026,WALL Mike,M,Assistant Coach,USA,Volleyball,
1918543,TOKUMOTO Yukito,M,Assistant Coach,JPN,Volleyball,1976-10-09
1918556,BLAIN Philippe,M,Head Coach,JPN,Volleyball,1960-05-20
1918560,FUKATSU Takayuki,M,Assistant Coach,JPN,Volleyball,1988-11-09
1918568,ITOH Kenji,M,Assistant Coach,JPN,Volleyball,1981-09-13
1918571,MANABE Masayoshi,M,Head Coach,JPN,Volleyball,1963-08-21
1918572,KAWAKITA Gen,M,Assistant Coach,JPN,Volleyball,1976-03-25
1918766,REZA Surian,M,Coach,NZL,Artistic Gymnastics,1987-10-08
1918882,CHEN Wei,M,Coach,CHN,Artistic Gymnastics,1968-12-10
1918883,HE Hua,F,Coach,CHN,Artistic Gymnastics,1974-10-08
1918884,JIN Weiguo,M,Coach,CHN,Artistic Gymnastics,1967-11-30
1918885,LI Dezhi,M,Coach,CHN,Artistic Gymnastics,1981-09-20
1918886,LIU Jinyu,M,Coach,CHN,Artistic Gymnastics,1982-02-17
1918887,LIU Tao,M,Coach,CHN,Artistic Gymnastics,1974-06-26
1918889,LU le,M,Coach,CHN,Artistic Gymnastics,1987-06-10
1918890,SUN Ping,F,Coach,CHN,Artistic Gymnastics,1977-11-09
1918891,TENG Haibin,M,Coach,CHN,Artistic Gymnastics,1985-01-02
1918893,WANG Liming,M,Coach,CHN,Artistic Gymnastics,1972-03-01
1918894,XU Jinglei,F,Coach,CHN,Artistic Gymnastics,1967-11-01
1918895,ZHANG Haiyan,F,Coach,CHN,Artistic Gymnastics,1975-01-05
1918896,ZHENG Hao,M,Coach,CHN,Artistic Gymnastics,1977-01-30
1918907,YE Sheng,M,Coach,CHN,Artistic Gymnastics,1977-04-14
1919322,SOTOMURA Kazutoshi,M,Coach,JPN,Artistic Gymnastics,1985-12-26
1919328,SHINTAKU Yuya,M,Coach,JPN,Artistic Gymnastics,1983-11-03
1919335,TOYOSHIMA Risa,F,Coach,JPN,Artistic Gymnastics,1977-08-15
1919338,TANAKA Hikaru,M,Coach,JPN,Artistic Gymnastics,1972-07-19
1919341,SATO Hiroaki,M,Coach,JPN,Artistic Gymnastics,1989-04-14
1919343,SAITO Yoshihiro,M,Coach,JPN,Artistic Gymnastics,1976-08-29
1919511,JUN Jung Hooi,M,Coach,TJK,Taekwondo,1964-09-01
1919719,LIKHADZIYEUSKI Anatoli,M,Coach,AIN,Taekwondo,1967-05-08
1919734,ANTONYAN Sahak,M,Coach,ARM,Artistic Gymnastics,1992-01-17
1919736,BERZHETS Viachaslau,M,Coach,AIN,Taekwondo,1965-08-15
1919740,NAZARYAN Hayk,M,Coach,ARM,Artistic Gymnastics,1983-10-13
1919741,OGANESIANTC Avetis,M,Coach,AIN,Taekwondo,1964-08-06
1921141,de GIORGI Ferdinando,M,Head Coach,ITA,Volleyball,1961-10-10
1921142,CAPONERI Massimo,M,Assistant Coach,ITA,Volleyball,1964-05-22
1921143,GIOLITO Nicola,M,Assistant Coach,ITA,Volleyball,1976-09-12
1921148,VELASCO Julio,M,Head Coach,ITA,Volleyball,1952-02-09
1921149,BARBOLINI Massimo,M,Assistant Coach,ITA,Volleyball,1964-08-29
1921150,BERNARDI Lorenzo,M,Assistant Coach,ITA,Volleyball,1968-08-11
1922666,van DAMME Koen,M,Coach,BEL,Artistic Gymnastics,1987-04-29
1924891,DUGONJIC Ivo Martin,M,Head Coach,URU,Rugby Sevens,1985-06-12
1924892,PUIG CARPANETO Gabriel,M,Assistant Coach,URU,Rugby Sevens,1990-02-04
1924915,PRUNSKAS Algimantas,M,Coach,LTU,Artistic Gymnastics,1960-04-11
1925565,CAMPAGNA Alessandro,M,Head Coach,ITA,Water Polo,1963-06-26
1925566,SILIPO Carlo,M,Head Coach,ITA,Water Polo,1971-09-10
1925568,FARINELLI Roberta,F,Coach,ITA,Artistic Swimming,1970-02-06
1925590,POMILIO Amedeo,M,Assistant Coach,ITA,Water Polo,1967-02-11
1925602,GIALLOMBARDO Patrizia,F,Coach,ITA,Artistic Swimming,1964-07-19
1925620,di CECCA Cosimino,M,Assistant Coach,ITA,Water Polo,1973-08-28
1925740,JANECKOVA Katerina,F,Coach,CZE,Artistic Gymnastics,1976-05-23
1925948,LEAL COLMENAREZ Mario,M,Coach,VEN,Taekwondo,1984-11-16
1926042,MOHAMMED Aisha,F,Coach,NGR,Basketball,1985-10-21
1926057,GARCIA CABRERA David,M,Coach,PUR,Basketball,1982-06-22
1926527,DELANEY Mike,M,Assistant Coach,NZL,Hockey,1989-04-17
1926529,McALEESE Shea,M,Assistant Coach,NZL,Hockey,1984-08-07
1926530,CLARK Gregg,M,Assistant Coach,NZL,Hockey,1971-01-11
1926532,NICOL Greg,M,Head Coach,NZL,Hockey,1975-04-02
1926601,MACKINTOSH Euan,M,Assistant Coach,NZL,Rugby Sevens,1985-09-06
1926602,SWEENEY Cory,M,Head Coach,NZL,Rugby Sevens,1978-03-08
1926603,GIBBS Rodney,M,Assistant Coach,NZL,Rugby Sevens,1969-05-12
1926604,COCKER Edwin,M,Assistant Coach,NZL,Rugby Sevens,1980-11-03
1926605,CAMA Tomasi,M,Head Coach,NZL,Rugby Sevens,1980-11-11
1926606,ROSS Stu,M,Assistant Coach,NZL,Rugby Sevens,1976-01-26
1926607,MURPHY Amanda,F,Assistant Coach,NZL,Rugby Sevens,
1926612,McMASTER Travis,M,Assistant Coach,NZL,Rugby Sevens,
1927174,ANNAN Alyson Regina,F,Head Coach,CHN,Hockey,1973-06-21
1927222,LU Zhuan,M,Head Coach,CHN,Rugby Sevens,1983-11-18
1927223,PASQUALETTI Massimo,M,Assistant Coach,CHN,Rugby Sevens,1988-08-11
1927270,GOMEZ AGUERA Salvador Emilio,M,Assistant Coach,CHN,Water Polo,1968-03-11
1927271,JANE GIRALT Juan,M,Head Coach,CHN,Water Polo,1953-05-31
1927274,WU Zhiyu,M,Assistant Coach,CHN,Water Polo,1983-09-09
1927534,QU Tao,F,Coach,CHN,Rhythmic Gymnastics,1973-04-23
1927535,SUN Dan,F,Coach,CHN,Rhythmic Gymnastics,1986-09-04
1927537,XU Yanshu,F,Coach,CHN,Rhythmic Gymnastics,1998-07-14
1927542,BLIZNYUK Anastasia,F,Coach,CHN,Rhythmic Gymnastics,1994-06-28
1927873,LARHOLM Erik Jonas,M,Assistant Coach,KOR,Handball,1981-01-25
1927879,RADIC Vanja,F,Assistant Coach,KOR,Handball,1983-05-06
1927880,SIGNELL Kurt Henrik,M,Head Coach,KOR,Handball,1976-01-02
1927972,AGAFONTSEV Sergiy,M,Coach,HKG,Artistic Gymnastics,1970-07-07
1928060,KRCE Lucijan,M,Coach,CRO,Artistic Gymnastics,1975-01-30
1928061,MADAREVIC Vladimir,M,Coach,CRO,Artistic Gymnastics,1972-08-17
1928154,MWAPE Bruce,M,Head Coach,ZAM,Football,1959-10-26
1928466,LAVARINI Stefano,M,Head Coach,POL,Volleyball,1979-01-17
1928467,VETTORI Nicola,M,Assistant Coach,POL,Volleyball,1971-05-06
1928468,PACHLINSKI Krystian,M,Assistant Coach,POL,Volleyball,1988-08-23
1928469,SUFA Bartosz,M,Assistant Coach,POL,Volleyball,1987-08-11
1928714,NTHALA Charity,F,Assistant Coach,ZAM,Football,1990-08-30
1929274,KOHLOFFEL Markus,M,Coach,EOR,Taekwondo,1971-01-25
1929291,ZAREEI SHAMSABADI Manni,M,Coach,EOR,Taekwondo,1985-07-04
1929319,SABAH Asif,M,Coach,EOR,Taekwondo,1969-09-18
1929643,YUSSUPOVA Aliya,F,Coach,KAZ,Rhythmic Gymnastics,1984-05-15
1929644,DUISENGALIYEVA Danissa,F,Coach,KAZ,Rhythmic Gymnastics,1995-11-11
1929663,NOLANO Claudio,M,Coach,ITA,Taekwondo,1975-09-22
1929717,ALFARO RODRIGUEZ Santiago,M,Assistant Coach,URU,Rugby Sevens,
1930009,LEE KIM Daniel,M,Coach,URU,Taekwondo,1979-01-31
1930168,RENARD Herve,M,Head Coach,FRA,Football,1968-09-30
1930169,BONADEI Laurent,M,Assistant Coach,FRA,Football,1969-11-03
1930171,BLAHIC Eric,M,Assistant Coach,FRA,Football,1965-05-02
1930172,FOUACHE Gilles,M,Goalkeeper Coach,FRA,Football,1973-11-09
1930294,MAMAYEV Nursultan,M,Coach,KAZ,Taekwondo,1993-06-27
1930295,KIM Kwangsu,M,Coach,KAZ,Taekwondo,1972-12-02
1930296,BESBAYEV Olzhas,M,Coach,KAZ,Taekwondo,1986-12-16
1930311,SAGYNAYEV Kanat,M,Coach,KAZ,Taekwondo,1973-11-09
1930636,DOBLER Mauro,M,Goalkeeper Coach,ARG,Football,
1930646,ECHEVERRY Alex,M,Assistant Coach,COL,Football,
1930666,PHIRI Yona,M,Goalkeeper Coach,ZAM,Football,1980-04-27
1930695,GRAND'PIERRE Naomy Hope,F,Coach,HAI,Artistic Gymnastics,1997-04-16
1930765,LAMBDIN Stephen,M,Coach,USA,Taekwondo,1988-03-09
1930922,ABARCA Megan,F,Coach,USA,Artistic Swimming,1990-08-14
1931463,MWILA Florence,F,Assistant Coach,ZAM,Football,1986-03-26
1931488,ELFAKHARANY Hany,M,Assistant Coach,EGY,Handball,1978-04-06
1931494,SIERRA MENDEZ Jose Manuel,M,Assistant Coach,EGY,Handball,1978-05-21
1931502,PASTOR GOMEZ Juan Carlos,M,Head Coach,EGY,Handball,1968-05-18
1931612,VATKIN Vladimir,M,Coach,KAZ,Artistic Gymnastics,1959-08-03
1931614,KURBANOV Khussanzhan,M,Coach,KAZ,Artistic Gymnastics,1961-02-01
1931616,KENESSOV Sapargali,M,Coach,KAZ,Artistic Gymnastics,1992-08-12
1932162,ALMAAZMI Abdalla,M,Coach,PLE,Taekwondo,1977-01-27
1932176,RODRIGUEZ VAQUERO Jose Maria,M,Head Coach,HUN,Handball,1980-01-05
1932535,VELASCO ENCINAS Miguel Angel,M,Assistant Coach,HUN,Handball,1984-03-20
1933104,ZOLGHADRI Farzad,M,Coach,BUL,Taekwondo,1992-05-09
1933362,GOLOVIN Vlagyimir Alekszandrovics,M,Head Coach,HUN,Handball,1970-03-21
1933372,PIGNICZKI Krisztina,F,Assistant Coach,HUN,Handball,1975-09-18
1933474,MASCHERANO Javier,M,Head Coach,ARG,Football,1984-06-08
1933569,MARSIGLIA Angelo,M,Head Coach,COL,Football,1985-12-20
1933763,RODRIGUEZ Lucas,M,Assistant Coach,ARG,Football,
1934022,STILLITANO Leandro,M,Assistant Coach,ARG,Football,
1934443,AGUILAR ESTRADA Eduardo,M,Assistant Coach,ESP,Hockey,1976-12-06
1934447,CALDAS Maximiliano,M,Head Coach,ESP,Hockey,1973-03-09
1934451,GARCIA CUENCA Carlos,M,Head Coach,ESP,Hockey,1973-01-26
1934452,GAVILAN MORAL Diego Manuel,M,Coach,ESP,Hockey,1978-11-30
1934457,GUTIERREZ ZULAICA Lorena,F,Coach,ESP,Hockey,1990-08-27
1934462,IGLESIAS BILBAO Alejandro,M,Assistant Coach,ESP,Hockey,1980-06-21
1934463,JARO MOLINA Rafael,M,Coach,ESP,Hockey,1984-06-28
1934464,LAZARO REINA Jordi,M,Coach,ESP,Hockey,1987-06-28
1934466,MOVELLAN de la MAZA Borja,M,Coach,ESP,Hockey,1979-12-24
1934467,PALOMERO MARTIN Oscar,M,Coach,ESP,Hockey,1973-11-24
1934811,PEREZ Carlos,M,Goalkeeper Coach,COL,Football,
1934831,CANTWELL Lynne,F,Head Coach,RSA,Rugby Sevens,1981-09-27
1934833,DAZEL Renfred,M,Head Coach,RSA,Rugby Sevens,1981-05-04
1934834,MOLOPYANE Obakeng,M,Assistant Coach,RSA,Rugby Sevens,1993-03-17
1934835,PARKER Naasier,M,Head Coach,RSA,Rugby Sevens,1988-04-16
1934837,AFRIKA Cecil,M,Assistant Coach,RSA,Rugby Sevens,1988-05-03
1935326,WAKAMA Rena,F,Coach,NGR,Basketball,1992-04-11
1935341,OLAJUWON Alon,F,Coach,NGR,Basketball,1998-07-06
1935667,FUENTES Andrea,F,Coach,USA,Artistic Swimming,1983-04-07
1935669,TEIXEIRA Lara,F,Coach,USA,Artistic Swimming,1987-11-26
1935695,RUIZ CASAS Jairo,M,Coach,COL,Artistic Gymnastics,1956-06-19
1935699,LIM Alison,F,Coach,COL,Artistic Gymnastics,1983-03-13
1935822,ALONSO CALVO Adria,M,Coach,ESP,Artistic Gymnastics,1992-09-30
1935823,BANGO MELCON Benjamin,M,Coach,ESP,Artistic Gymnastics,1965-11-18
1935824,BOTELLA PEREZ de LANDAZAB Isaac,M,Coach,ESP,Artistic Gymnastics,1984-06-12
1935825,CARRASCAL RUBIO Alvaro,M,Coach,ESP,Artistic Gymnastics,1985-07-24
1935826,CASIMIRO ROS Javier,M,Coach,ESP,Artistic Gymnastics,1969-09-20
1935827,GUISADO MUNOZ Lucia,F,Coach,ESP,Artistic Gymnastics,1965-02-17
1935828,MARTINEZ SANCHEZ Manuel Angel,M,Coach,ESP,Artistic Gymnastics,1968-06-21
1935829,MIR HOMAR Pedro,M,Coach,ESP,Artistic Gymnastics,1965-12-09
1935830,RUEDA BRAVO Eva,F,Coach,ESP,Artistic Gymnastics,1971-09-13
1935831,SAN JOSE CRISTOBAL Almudena,F,Coach,ESP,Artistic Gymnastics,1964-12-02
1935832,BROWN LOPEZ Dagmara,F,Coach,ESP,Rhythmic Gymnastics,1955-10-05
1935833,FERRANDEZ ARENAS Monica,F,Coach,ESP,Rhythmic Gymnastics,1974-10-25
1935834,GARCIA GARCES Maria,F,Coach,ESP,Rhythmic Gymnastics,1991-05-03
1935835,LINARES GARCIA Marta,F,Coach,ESP,Rhythmic Gymnastics,1986-01-31
1935836,MALCHAIR SELECQUE Caroline Martine,F,Coach,ESP,Rhythmic Gymnastics,1982-05-31
1935837,PELAZ MOTA Ana,F,Coach,ESP,Rhythmic Gymnastics,1987-09-24
1935838,QUEREDA FLORES Alejandra,F,Coach,ESP,Rhythmic Gymnastics,1992-07-24
1936384,KASSMAN Edward,M,Coach,PNG,Taekwondo,1978-01-10
1936918,PABLO Jose,M,Assistant Coach,ANG,Handball,1969-10-03
1938936,FERREIRINHA Jose,M,Coach,POR,Artistic Gymnastics,1964-09-01
1940069,CAPORN Adam,M,Assistant Coach,AUS,Basketball,1982-03-16
1940074,GOORJIAN Brian,M,Coach,AUS,Basketball,1953-06-28
1940075,CHAMBERS Cheryl,F,Assistant Coach,AUS,Basketball,1968-04-18
1940078,PATRICK David,M,Coach,AUS,Basketball,1976-02-21
1940088,NIELSEN Matt,M,Assistant Coach,AUS,Basketball,1978-02-03
1940089,GORISS Paul,M,Assistant Coach,AUS,Basketball,1970-04-28
1940092,CARROLL Ryan,M,Coach,AUS,Basketball,1980-03-02
1940093,BRONDELLO Sandy,F,Coach,AUS,Basketball,1968-08-20
1940094,SEEBHOM Shannon,M,Coach,AUS,Basketball,1988-02-01
1940331,PYSMENNA Oksana,F,Coach,KOR,Artistic Swimming,1972-05-15
1940570,CHOI Jungyeol,M,Coach,KOR,Artistic Gymnastics,1982-08-06
1940575,KIM Daeeun,M,Coach,KOR,Artistic Gymnastics,1984-09-17
1940578,KIM Jihoon,M,Coach,KOR,Artistic Gymnastics,1984-08-09
1940583,LEE Sunsung,M,Coach,KOR,Artistic Gymnastics,1980-12-26
1940584,MIN Ayoung,F,Coach,KOR,Artistic Gymnastics,1975-01-28
1940930,CSEH Sandor Viktor,M,Assistant Coach,HUN,Water Polo,1976-09-05
1941188,MUNALA Japheth,M,Head Coach,KEN,Volleyball,1963-11-30
1941189,BARASA James,M,Assistant Coach,KEN,Volleyball,1970-10-08
1941198,MIHOK Attila,M,Head Coach,HUN,Water Polo,1973-10-06
1941323,TORTOSA Hugo,M,Coach,LES,Taekwondo,1999-10-11
1941674,TOPARI Yusuf,M,Coach,AUS,Artistic Gymnastics,1987-02-27
1941682,MITCHELL Katie,F,Coach,AUS,Rhythmic Gymnastics,1979-04-18
1941683,BARABACH Mikhail,M,Coach,AUS,Artistic Gymnastics,1955-01-06
1941685,WILSON Sean,M,Coach,AUS,Artistic Gymnastics,1989-06-21
1941686,BELAN Tatsiana,F,Coach,AUS,Rhythmic Gymnastics,1982-11-10
1941689,LI Xiaoqing,F,Coach,AUS,Artistic Gymnastics,1971-01-14
1941847,DOUMBIA Bounafou,M,Goalkeeper Coach,MLI,Football,1980-07-22
1941852,BARRETO Diego,M,Goalkeeper Coach,PAR,Football,
1942626,DENIA Santi,M,Head Coach,ESP,Football,1974-03-09
1942627,GORDO David,M,Assistant Coach,ESP,Football,1970-02-02
1942638,MARTINEZ Ruben,M,Goalkeeper Coach,ESP,Football,
1942803,ZIMMERMANN Matthieu,M,Coach,BEL,Artistic Gymnastics,1986-02-22
1942804,EHREN Raoul,M,Head Coach,BEL,Hockey,1973-04-24
1942806,McLEOD Shane,M,Assistant Coach,BEL,Hockey,1968-09-04
1942816,GAMBLUCH Leonardo,M,Coach,BEL,Taekwondo,1973-09-03
1942828,VARGA Zsolt,M,Head Coach,HUN,Water Polo,1972-03-09
1942869,UGLESSICH Mariano,M,Assistant Coach,PAR,Football,
1943302,HAYES Emma,F,Head Coach,USA,Football,1976-10-18
1943308,REDDY Denise,F,Assistant Coach,USA,Football,1970-09-14
1943311,SEARLE Stuart,M,Goalkeeper Coach,USA,Football,1979-02-27
1943842,JARA SAGUIER Carlos,M,Head Coach,PAR,Football,1950-11-01
1944188,COVELO Alex,M,Assistant Coach,USA,Football,1978-05-19
1944189,MITROVIC Marko,M,Head Coach,USA,Football,1978-07-08
1944190,PAYNE Russell,M,Goalkeeper Coach,USA,Football,1975-07-03
1944191,SEGARES Gonzalo,M,Assistant Coach,USA,Football,1982-10-13
1944971,MAYNE Michael,M,Head Coach,NZL,Football,1985-02-15
1944972,REED Duncan,M,Goalkeeper Coach,NZL,Football,1990-11-25
1944973,BAZELEY Darren,M,Head Coach,NZL,Football,1972-10-05
1944974,GOTHARD Paul,M,Goalkeeper Coach,NZL,Football,1974-06-24
1944977,READINGS Tony,M,Assistant Coach,NZL,Football,1975-10-27
1944979,ELLIOTT Simon,M,Assistant Coach,NZL,Football,1974-06-10
1945000,SARVER Keri,F,Assistant Coach,NZL,Football,1976-03-30
1945433,POTTER Anthony,M,Assistant Coach,AUS,Hockey,1972-05-11
1945439,BATCH Colin,M,Head Coach,AUS,Hockey,1958-03-27
1945443,STANIFORTH Dave,M,Coach,AUS,Hockey,1976-04-05
1945447,MURRAY Emma,F,Assistant Coach,AUS,Hockey,
1945451,PURVIS Hugh,M,Assistant Coach,AUS,Hockey,1991-08-03
1945457,DAVY Jeremy,M,Coach,AUS,Hockey,1973-07-03
1945459,POWELL Katrina,F,Head Coach,AUS,Hockey,1972-04-08
1945474,HAMMOND Rob,M,Coach,AUS,Hockey,1981-05-06
1945548,LU Xiaohui,M,Head Coach,CHN,Rugby Sevens,1975-05-17
1945549,ZHU Jiangtao,M,Head Coach,CHN,Rugby Sevens,1981-11-03
1945550,MA Chong,M,Head Coach,CHN,Rugby Sevens,1993-08-26
1945552,ZHU Jing,M,Head Coach,CHN,Rugby Sevens,1985-08-05
1946315,CARNELI Ryan,M,Coach,AUS,Taekwondo,1985-10-11
1946317,LEE Seokhun,M,Coach,AUS,Taekwondo,1979-10-01
1946582,MACCARANI Emanuela,F,Coach,ITA,Rhythmic Gymnastics,1966-09-20
1946583,ROVETTA Valentina,F,Coach,ITA,Rhythmic Gymnastics,1980-07-24
1946585,MANCINELLI Claudia,F,Coach,ITA,Rhythmic Gymnastics,1985-01-16
1946907,ABDULLAYEV Mammad,M,Coach,AZE,Taekwondo,1976-07-07
1947221,RADONIC Vesna,F,Coach,MNE,Rhythmic Gymnastics,1971-04-03
1947623,YANITSAS Andrew,M,Assistant Coach,AUS,Water Polo,1980-03-14
1947628,DENIS Eddie,M,Assistant Coach,AUS,Water Polo,1970-10-14
1947636,RIPPON Bec,F,Head Coach,AUS,Water Polo,1978-12-26
1947637,WOODS Taryn,F,Assistant Coach,AUS,Water Polo,1975-08-12
1947638,HAMILL Tim,M,Head Coach,AUS,Water Polo,1976-12-27
1947758,SULTANOV Yesbol,M,Coach,TUN,Taekwondo,1981-03-01
1947762,HECHMI Jendoubi,M,Coach,TUN,Taekwondo,1962-06-01
1948319,MARTIN CEDRES Ambrosio Jose,M,Head Coach,ESP,Handball,1968-04-30
1948320,MONTES AGUERA Cesar Jesus,M,Assistant Coach,ESP,Handball,1975-01-06
1948321,PRADES PONS Jose Ignacio,M,Assistant Coach,ESP,Handball,1975-09-08
1948322,RIBERA ROMANS Jordi,M,Head Coach,ESP,Handball,1963-03-05
1948429,JAKOVLJEVIC Nenad,M,Coach,SRB,Basketball,1988-10-30
1948431,KOSTIC Oliver,M,Assistant Coach,SRB,Basketball,1973-02-20
1948432,MARINOVIC Marko,M,Assistant Coach,SRB,Basketball,1983-03-15
1948433,PESIC Svetislav,M,Coach,SRB,Basketball,1949-08-28
1948434,STOJAKOVIC Ognjen,M,Coach,SRB,Basketball,1981-09-29
1948438,SEKULIC Marko,M,Coach,SRB,Basketball,1980-07-17
1948749,BUTULIJA Dajana,F,Assistant Coach,SRB,Basketball,1986-02-23
1948750,DRLJACA Ljubica,F,Assistant Coach,SRB,Basketball,1978-08-04
1948752,MALJKOVIC Marina,F,Coach,SRB,Basketball,1981-09-26
1948764,PAGE Danielle Nicole,F,Coach,SRB,Basketball,1986-11-14
1948904,BEATTIE Ciaran,M,Head Coach,GBR,Rugby Sevens,1986-02-23
1948911,NOLAN James,M,Assistant Coach,GBR,Rugby Sevens,1990-08-27
1948913,PUGH Richie,M,Head Coach,GBR,Rugby Sevens,1983-08-10
1948914,RIDDELL Scott,M,Assistant Coach,GBR,Rugby Sevens,1985-10-05
1948915,ROQUES Tony,M,Head Coach,GBR,Rugby Sevens,1978-09-07
1948979,JANIC Bojan,M,Assistant Coach,SRB,Volleyball,1982-03-11
1948980,JEVTIC Ivica,M,Assistant Coach,SRB,Volleyball,1983-07-26
1948981,KOLAKOVIC Igor,M,Head Coach,SRB,Volleyball,1965-06-04
1948983,MAJSTOROVIC Neven,M,Assistant Coach,SRB,Volleyball,1989-03-17
1949017,BUTARBUTAR Eva,F,Coach,INA,Artistic Gymnastics,1973-07-04
1949063,BLAGOJEVIC Jelena,F,Assistant Coach,SRB,Volleyball,1988-12-01
1949064,GUIDETTI Giovanni,M,Head Coach,SRB,Volleyball,1972-09-20
1949394,TUDELA PERRET Matias,M,Head Coach,ESP,Rugby Sevens,1984-10-06
1949402,HERNANDEZ JIMENEZ Francisco de Pau.,M,Head Coach,ESP,Rugby Sevens,1988-10-28
1949458,KOCH Ulla,F,Coach,BEL,Artistic Gymnastics,1955-07-05
1949459,van den HEUVEL Michel,M,Head Coach,BEL,Hockey,1964-07-15
1949468,MALDONADO Oscar,M,Coach,DOM,Taekwondo,1993-06-04
1949531,MATEO BATISTA Ruddy,M,Coach,DOM,Taekwondo,1985-01-06
1949864,LAACHRAOUI Mourad,M,Coach,BEL,Taekwondo,1995-03-31
1949874,MEZIANE Rachid,M,Coach,BEL,Basketball,1980-02-10
1950176,BARTON Emilee,F,Assistant Coach,AUS,Rugby Sevens,1992-11-02
1950180,STANNARD James,M,Assistant Coach,AUS,Rugby Sevens,1983-02-21
1950182,MANENTI John,M,Head Coach,AUS,Rugby Sevens,1971-03-30
1950187,WALSH Timothy,M,Head Coach,AUS,Rugby Sevens,1979-04-10
1950509,BYDWELL Emilie,F,Head Coach,USA,Rugby Sevens,1985-08-31
1950510,TEST Zack,M,Assistant Coach,USA,Rugby Sevens,1989-10-13
1950515,FORD Trey,M,Assistant Coach,USA,Rugby Sevens,
1950520,FRIDAY Mike,M,Head Coach,USA,Rugby Sevens,1972-04-25
1950521,GREENING Phil,M,Assistant Coach,USA,Rugby Sevens,1975-10-03
1951636,FERREIRA Marcel,M,Coach,BRA,Artistic Swimming,1986-10-17
1951639,KARFUNKELSTEIN Rogerio,M,Coach,BRA,Artistic Swimming,1976-03-04
1952532,SPLITTER Tiago,M,Assistant Coach,BRA,Basketball,1985-01-01
1953168,HAMANO Yukiya,M,Goalkeeper Coach,JPN,Football,1972-09-28
1953169,HANEDA Kenji,M,Assistant Coach,JPN,Football,1981-12-01
1953170,OIWA Go,M,Head Coach,JPN,Football,1972-06-23
1953555,CUNHA Thiago,M,Assistant Coach,EGY,Football,1978-12-18
1953646,ALBINO Cristiano,M,Coach,BRA,Artistic Gymnastics,1973-12-21
1953647,BISCALCHIN Daniel,M,Coach,BRA,Artistic Gymnastics,1978-08-14
1953649,PORATH Francisco,M,Coach,BRA,Artistic Gymnastics,1980-07-18
1953652,YASHENKO Iryna,F,Coach,BRA,Artistic Gymnastics,1960-05-18
1953686,ROSA Bruna,F,Coach,BRA,Rhythmic Gymnastics,1986-02-13
1953687,FEREZIN Camila,F,Coach,BRA,Rhythmic Gymnastics,1977-04-18
1953695,NAVES Marcia,F,Coach,BRA,Rhythmic Gymnastics,1965-12-01
1953710,PEREIRA Alexandro,M,Coach,BRA,Rhythmic Gymnastics,1972-05-03
1953713,FIGUEIREDO Tatiana,F,Coach,BRA,Rhythmic Gymnastics,1968-06-29
1954067,FUCHS Tracey,F,Assistant Coach,USA,Hockey,1966-11-03
1954068,PASSMORE David,M,Head Coach,USA,Hockey,1967-06-15
1954069,TELECHEA Javi,M,Assistant Coach,USA,Hockey,1988-04-07
1954409,MATHEUS Carlos,M,Coach,BRA,Artistic Swimming,1978-02-23
1954411,DOMINGUES Felipe,M,Coach,BRA,Artistic Swimming,1976-03-07
1954413,POSSENTI Fernando,M,Coach,BRA,Artistic Swimming,1979-05-24
1954426,ONHA MARQUES Sergio,M,Coach,BRA,Artistic Swimming,1973-09-05
1954481,FEW Mark,M,Coach,USA,Basketball,1962-12-27
1954482,KERR Steve,M,Coach,USA,Basketball,1965-09-27
1954483,LUE Tyronn,M,Assistant Coach,USA,Basketball,1977-05-03
1954484,SPOELSTRA Erik,M,Assistant Coach,USA,Basketball,1970-11-01
1954499,LAWSON Kara,F,Coach,USA,Basketball,1981-02-14
1954500,MILLER Curt,M,Coach,USA,Basketball,1968-10-06
1954501,REEVE Cheryl,F,Coach,USA,Basketball,1966-09-20
1954502,TAYLOR Joni,F,Assistant Coach,USA,Basketball,1979-03-07
1954503,THIBAULT Mike,M,Assistant Coach,USA,Basketball,1950-09-28
1954505,WRIGHT Tanisha,F,Coach,USA,Basketball,1983-11-29
1954672,KOLINISAU Ratu Osea,M,Head Coach,FIJ,Rugby Sevens,1985-11-17
1955000,ARENHART ALVES Ismael,M,Assistant Coach,BRA,Rugby Sevens,
1955021,BRODERICK William,M,Head Coach,BRA,Rugby Sevens,1992-09-17
1955060,FERRER Alexander,M,Coach,BRA,Artistic Swimming,1975-08-25
1955820,dos SANTOS Clayton,M,Coach,BRA,Taekwondo,1981-07-03
1955822,RIBEIRO Diego,M,Coach,BRA,Taekwondo,1987-01-05
1955881,NAMAUA Tikiko,M,Assistant Coach,FIJ,Rugby Sevens,1976-05-11
1955954,KLAMBURG ROQUE Paula,F,Coach,AUS,Artistic Swimming,1989-09-20
1955958,ONO Shoko,F,Coach,AUS,Artistic Swimming,1988-11-09
1956101,SOARES Mateus Joao Felgueiras,M,Coach,TLS,Taekwondo,1985-02-12
1956202,LUZON Guy,M,Head Coach,ISR,Football,1975-08-17
1956206,CHOEN Haim,M,Assistant Coach,ISR,Football,
1956383,BUTALA-KOVACIC Petra,F,Coach,SRB,Taekwondo,1988-02-29
1956384,JOVIC Dragan,M,Coach,SRB,Taekwondo,1969-05-21
1956385,SAVICEVIC Veljko,M,Coach,SRB,Taekwondo,1978-08-19
1956422,BUCHNIK Victor,M,Goalkeeper Coach,ISR,Football,
1956472,BILIC Darko,M,Assistant Coach,SRB,Water Polo,1978-03-06
1956473,CIRIC Stefan,M,Assistant Coach,SRB,Water Polo,1985-08-15
1956476,STEVANOVIC Uros,M,Head Coach,SRB,Water Polo,1982-10-08
1956655,TAAFFE Robert,M,Coach,IRL,Taekwondo,1981-11-07
1956699,NSILU DILANDU Leroy,M,Coach,IRL,Taekwondo,2002-05-22
1956722,EFTIMOV Aleksandar,M,Coach,MKD,Taekwondo,1986-02-25
1957027,ADEL MOSTAFA,M,Assistant Coach,EGY,Football,1982-02-01
1957190,FUJIKI Mayuko,F,Coach,ESP,Artistic Swimming,1975-06-21
1957191,JIMENEZ NIETO Cecilia,F,Coach,ESP,Artistic Swimming,1995-07-27
1957192,REQUENA PERICAS Judit,F,Coach,ESP,Artistic Swimming,1992-11-26
1957193,VEGA HERRERO Anna,F,Coach,ESP,Artistic Swimming,1979-01-12
1957222,ANDREO GABAN Angel Luis,M,Assistant Coach,ESP,Water Polo,1972-12-03
1957223,APARICIO SUNEN Antonio Francisco,M,Assistant Coach,ESP,Water Polo,1960-03-08
1957224,IVANOV PIRALKOV Svilen,M,Assistant Coach,ESP,Water Polo,1975-04-08
1957225,MARTIN LOZANO David,M,Head Coach,ESP,Water Polo,1977-01-02
1957226,OCA GAIA Miguel Angel,M,Head Coach,ESP,Water Polo,1970-04-15
1957227,VALLS NART Jordi,M,Assistant Coach,ESP,Water Polo,1977-11-04
1957429,KERTESZNE BORKAI Anita,F,Coach,HUN,Artistic Gymnastics,1969-11-14
1957645,CAMPODONICO Marco,M,Coach,ITA,Artistic Gymnastics,1963-05-21
1957768,CASELLA Enrico,M,Coach,ITA,Artistic Gymnastics,1957-01-28
1958557,ZHOU Tianke,F,Coach,LAO,Rhythmic Gymnastics,1977-10-21
1958748,ALLER CARBALLO Manuel Angel,M,Coach,ESP,Basketball,1963-04-17
1958749,CAMPS SAN JOSE Salvador,M,Coach,ESP,Basketball,1979-05-19
1958751,FERNANDEZ TARGARONA Isaac,M,Coach,ESP,Basketball,1980-01-18
1958752,GARCIA GUADARRAMA Victor Jesus,M,Coach,ESP,Basketball,1980-02-06
1958754,GUIL Luis,M,Assistant Coach,ESP,Basketball,1971-07-16
1958756,MENDEZ Miguel,M,Coach,ESP,Basketball,1967-03-02
1958758,REY Luis,M,Assistant Coach,ESP,Basketball,1964-08-28
1958760,PRADO BRANAS Joaquin,M,Coach,ESP,Basketball,1976-03-17
1958761,SANCHEZ CANETE CALVO Angel Luis,M,Assistant Coach,ESP,Basketball,1969-12-09
1958763,SCARIOLO Sergio,M,Coach,ESP,Basketball,1961-04-01
1958764,URIETA GUTIERREZ Madelen,F,Assistant Coach,ESP,Basketball,1981-08-21
1959349,CAREY Brian,M,Coach,USA,Artistic Gymnastics,1973-09-22
1959353,LANDI Cecile,F,Coach,USA,Artistic Gymnastics,1979-10-03
1959368,BRECKENRIDGE Grant,M,Coach,USA,Artistic Gymnastics,1997-04-08
1959369,SUN Sonia,F,Coach,USA,Artistic Gymnastics,1977-01-26
1959382,GRABA Jess,M,Coach,USA,Artistic Gymnastics,1968-12-26
1959384,GAARENSTROOM Jordan,M,Coach,USA,Artistic Gymnastics,1992-01-14
1959395,LANDI Laurent,M,Coach,USA,Artistic Gymnastics,1977-10-18
1959400,KLIMOUK Natalia,F,Coach,USA,Rhythmic Gymnastics,1968-01-09
1959405,CAESAR Syque,M,Coach,USA,Artistic Gymnastics,1990-08-22
1959412,MIKULAK Sam,M,Coach,USA,Artistic Gymnastics,1992-10-13
1959432,LIUKIN Valeri,M,Coach,USA,Artistic Gymnastics,1966-12-17
1960844,BARRIEAU Jocelyn,F,Assistant Coach,CAN,Rugby Sevens,1982-02-09
1960845,HANRATTY Jack,M,Head Coach,CAN,Rugby Sevens,1989-05-09
1960848,MONAGHAN Iain,M,Assistant Coach,CAN,Rugby Sevens,1980-08-08
1960860,JOYCE Jenn,F,Assistant Coach,CAN,Rugby Sevens,
1961375,KONE Thierry,M,Coach,CIV,Taekwondo,1981-07-01
1961586,VOLAVOLA Timoci,M,Assistant Coach,FIJ,Rugby Sevens,1978-09-27
1961712,TUIFUA Tevita,M,Head Coach,TGA,Rugby Sevens,1975-10-15
1961720,OTUMULI Mavae,M,Head Coach,TGA,Rugby Sevens,1984-07-22
1961741,VAIANGINA Ekitino,M,Head Coach,TGA,Rugby Sevens,1970-03-09
1961751,LIUTAI Malika,M,Head Coach,TGA,Rugby Sevens,1964-02-07
1961912,FULI Saiasi,M,Head Coach,FIJ,Rugby Sevens,1978-03-16
1962265,TOPPING James,M,Head Coach,IRL,Rugby Sevens,1974-12-18
1962452,TEMPLE-JONES Allan,M,Head Coach,IRL,Rugby Sevens,1981-01-23
1962481,WONG Ka Wing,M,Coach,HKG,Taekwondo,1974-08-06
1963019,MICALE Rogerio,M,Head Coach,EGY,Football,1969-03-28
1963171,LERGA Javier,M,Assistant Coach,ESP,Football,1979-08-10
1963174,SANCHEZ Carlos,M,Goalkeeper Coach,ESP,Football,1978-01-19
1963175,TOME Montse,F,Head Coach,ESP,Football,1982-05-11
1963555,BAYER Steven,M,Coach,BEL,Hockey,1978-02-27
1963556,WHITE Tim,M,Assistant Coach,BEL,Hockey,1966-02-26
1963627,LOPEZ ROMERO Victor Hugo,M,Assistant Coach,JPN,Handball,1982-11-23
1963628,ORTEGA PEREZ Antonio Carlos,M,Head Coach,JPN,Handball,1971-07-14
1964423,ROCHA de REZENDE Bernardo,M,Head Coach,BRA,Volleyball,1959-08-25
1964448,RIBAS Giuliano,M,Assistant Coach,BRA,Volleyball,
1964453,LAGES GUIMARAES Jose Roberto,M,Head Coach,BRA,Volleyball,1954-07-31
1964473,DO REGO BARROS JUNIOR Paulo,M,Assistant Coach,BRA,Volleyball,
1964481,LEONALDO Roberley Luiz,M,Assistant Coach,BRA,Volleyball,
1964485,TABACH Ricardo,M,Assistant Coach,BRA,Volleyball,
1964492,COPPINI FERNANDES Wagner Luiz,M,Assistant Coach,BRA,Volleyball,
1965161,KEET Marcelle,F,Assistant Coach,RSA,Hockey,1984-10-25
1965168,BONNET Giles,M,Head Coach,RSA,Hockey,1965-02-10
1965644,GIL Carlos,M,Coach,PAN,Artistic Gymnastics,1985-06-12
1967242,LAWRENCE Natalie,F,Assistant Coach,NZL,Football,1984-07-05
1967254,HERST Jen,F,Goalkeeper Coach,CAN,Football,1986-04-29
1967256,MANDER Jasmine,F,Assistant Coach,CAN,Football,1995-05-23
1967258,PRIESTMAN Bev,F,Head Coach,CAN,Football,1986-04-28
1967262,SPENCE Andy,M,Assistant Coach,CAN,Football,1983-01-08
1967313,PARK Jae,M,Coach,CAN,Taekwondo,1969-04-19
1967315,THORNTON Daniel,M,Coach,CAN,Taekwondo,1974-04-21
1967332,LIMA Brian,M,Head Coach,SAM,Rugby Sevens,1972-01-25
1967468,PARADELO David,M,Head Coach,CAN,Water Polo,1985-10-07
1967471,POSTERIVO Stefano,M,Assistant Coach,CAN,Water Polo,1967-11-02
1967472,CAMPBELL Cora,F,Assistant Coach,CAN,Water Polo,1974-05-28
1967642,IGLESIAS Rodrigo,M,Assistant Coach,BRA,Football,
1967672,ALCANTARA Edson,M,Goalkeeper Coach,BRA,Football,
1967683,ELIAS Arthur,M,Head Coach,BRA,Football,1981-08-05
1968210,LALOMILO Faamaoni,M,Assistant Coach,SAM,Rugby Sevens,1971-01-30
1968247,CIRKOVIC Vedran,M,Assistant Coach,AUS,Water Polo,1988-03-14
1968453,CHERNETSKA Nataliya,F,Coach,GRE,Artistic Swimming,1974-04-01
1968484,KAMMENOU Alexia Anna,F,Head Coach,GRE,Water Polo,1969-07-25
1968489,LEMPESIS Xenofon,M,Assistant Coach,GRE,Water Polo,1972-12-16
1968491,PYRPYRIS Anastasios,M,Assistant Coach,GRE,Water Polo,1983-04-15
1968492,SCHIZAS Anastasios,M,Assistant Coach,GRE,Water Polo,1977-02-18
1968495,VLACHOS Theodoros,M,Head Coach,GRE,Water Polo,1969-07-09
1968531,KANTZOURIS Ilias,M,Assistant Coach,GRE,Basketball,1973-08-11
1968540,SPANOULIS Vasilis,M,Coach,GRE,Basketball,1982-08-07
1968567,RAFTIS Dimitrios,M,Coach,GRE,Artistic Gymnastics,1967-12-19
1968759,JENNINGS Stephen,M,Coach,EOR,Taekwondo,1981-12-25
1968802,FJELLSTROM Jens,M,Assistant Coach,AUS,Football,1966-10-27
1968822,ANDREATTA Mel,F,Assistant Coach,AUS,Football,1979-01-26
1968838,GUSTAVSSON Tony,M,Head Coach,AUS,Football,1973-08-14
1968868,van ECK Richard,M,Assistant Coach,NED,Water Polo,1983-03-08
1968871,DOUDESIS Eva,M,Head Coach,NED,Water Polo,1985-03-12
1968964,MOGHANLOU Bijan,M,Coach,EGY,Taekwondo,1969-10-21
1969275,SICOT David Patrick,M,Coach,LBN,Taekwondo,1985-10-24
1969357,SEKTIOUI Tarik,M,Head Coach,MAR,Football,
1969386,HADJI Youssouf,M,Assistant Coach,MAR,Football,1980-02-25
1969466,BADAWI Ghanem,M,Coach,SYR,Artistic Gymnastics,1980-04-01
1970225,van der VEEN Jose,F,Coach,NED,Artistic Gymnastics,1977-05-18
1970227,WEVERS Vincent,M,Coach,NED,Artistic Gymnastics,1962-09-28
1970228,den UIJL Kevin,M,Coach,NED,Artistic Gymnastics,1995-08-22
1970229,JACOBS Jeroen,M,Coach,NED,Artistic Gymnastics,1971-11-21
1970235,KLEUSKENS Marcel,M,Coach,NED,Artistic Gymnastics,1982-04-17
1970236,KNIBBELER Daniel,M,Coach,NED,Artistic Gymnastics,1980-02-10
1970237,van MELDERT Dirk Jan,M,Coach,NED,Artistic Gymnastics,1965-12-03
1970317,CLARIJS Ricardo,M,Assistant Coach,NED,Handball,1990-04-22
1970322,JOHANSSON Per,M,Head Coach,NED,Handball,1970-11-10
1970733,GOUTSEVA Anastasia,F,Coach,GRE,Artistic Swimming,1975-04-29
1970859,SOKOLOVA Natalia,F,Coach,CYP,Rhythmic Gymnastics,1976-06-14
1970880,OGEYINGBO Ayodeji,M,Coach,NGR,Basketball,1994-06-30
1970974,DERAEDT Laurent,M,Goalkeeper Coach,MAR,Football,1973-10-20
1971523,LESZNER Joe,M,Coach,CAN,Archery,
1972037,TICHELMAN Thomas,M,Assistant Coach,NED,Hockey,1960-03-22
1972052,van ASS Paul,M,Head Coach,NED,Hockey,1960-08-16
1972055,DELMEE Jeroen,M,Head Coach,NED,Hockey,1973-03-08
1972056,VERBOOM Eric,M,Assistant Coach,NED,Hockey,1970-02-01
1972359,ALIYEVA Kamilla,F,Coach,AZE,Rhythmic Gymnastics,2006-04-03
1972419,VILYAYEVA Yevgeniya,F,Coach,AZE,Rhythmic Gymnastics,1994-01-08
1972423,VASILEVA Siyana,F,Coach,AZE,Rhythmic Gymnastics,1996-03-03
1972426,GULIYEV Kamil,M,Coach,AZE,Rhythmic Gymnastics,1993-09-21
1972427,KARIMLI Akif,M,Coach,AZE,Rhythmic Gymnastics,1995-03-25
1972461,JAUMA CAYUELA Esther,F,Coach,NED,Artistic Swimming,1970-05-07
1972652,GIE Cheslyn,M,Head Coach,RSA,Hockey,1975-07-30
1972655,NTULI Siphesihle,M,Assistant Coach,RSA,Hockey,1989-01-29
1972933,GOMEZ Ibai,M,Head Coach,DOM,Football,1989-11-11
1972934,RAMOS SANCHEZ Antonio,M,Coach,CIV,Taekwondo,1976-08-18
1972992,AMOREBIETA Fernando,M,Assistant Coach,DOM,Football,1985-03-29
1973058,BRITEZ Cristhian,M,Goalkeeper Coach,DOM,Football,1984-09-25
1973138,BALAN Adrian,M,Coach,CAN,Artistic Gymnastics,1971-05-04
1973147,COWAN Lisa,F,Coach,CAN,Artistic Gymnastics,1969-08-03
1973162,KIKUCHI David,M,Coach,CAN,Artistic Gymnastics,1979-12-27
1973180,van HOOF Ed,M,Coach,CAN,Artistic Gymnastics,1956-08-22
1973374,FALSETTA Ross,M,Coach,GBR,Artistic Gymnastics,1985-10-02
1973377,DENG Ajou,M,Assistant Coach,SSD,Basketball,1978-12-24
1973378,WIGNALL Rachel,F,Coach,GBR,Artistic Gymnastics,1989-08-07
1973524,MEIJER Eric,M,Assistant Coach,NED,Volleyball,1989-09-26
1973525,KOSLOWSKI Felix,M,Head Coach,NED,Volleyball,1984-03-18
1973532,FERRER CUTINO Gil,M,Assistant Coach,NED,Volleyball,1971-10-11
1973576,IVEY Royal,M,Coach,SSD,Basketball,1981-12-20
1973651,KOUDI Mandela,M,Coach,SSD,Basketball,1991-11-21
1973693,CHIEJINE Ann,F,Assistant Coach,NGR,Football,1974-02-02
1974021,KULESZA Kasia,F,Coach,CAN,Artistic Swimming,1976-08-29
1974022,MORGAN Kerri,F,Coach,CAN,Artistic Swimming,1971-06-04
1974025,VOLOSHYNA Anna,F,Coach,CAN,Artistic Swimming,1991-09-26
1974026,YAKHNO Yelyzaveta,F,Coach,CAN,Artistic Swimming,1998-06-04
1974386,SAWADOGO Rasmane,M,Coach,BUR,Taekwondo,1965-06-25
1974755,BAUR Steve,M,Assistant Coach,CAN,Basketball,1979-03-31
1974756,BJORKGREN Nate,M,Assistant Coach,CAN,Basketball,1975-06-20
1974757,CLARKE Carly,F,Coach,CAN,Basketball,1983-03-07
1974760,FERNANDEZ Jordi,M,Coach,CAN,Basketball,1982-12-27
1974766,LAPENA Victor,M,Coach,CAN,Basketball,1975-03-12
1974769,MITCHELL Nathaniel,M,Assistant Coach,CAN,Basketball,1986-06-27
1974771,N'DONG Boniface,M,Coach,CAN,Basketball,1977-09-03
1974772,PAGE Murriel,F,Coach,CAN,Basketball,1975-09-18
1974773,QUINN Noelle,F,Assistant Coach,CAN,Basketball,1985-01-03
1975398,DENG Luol,M,Assistant Coach,SSD,Basketball,1985-04-16
1975920,CASTANEDA Allen Aldrin,M,Coach,PHI,Artistic Gymnastics,1972-07-20
1975923,HRYBANOV Andrii,M,Coach,ISR,Artistic Gymnastics,1970-10-01
1975934,GRIFFETH Garrett Stephen,M,Coach,PHI,Artistic Gymnastics,1986-08-13
1977071,ABAD EXPOSITO Iker Miquel,M,Coach,IRL,Taekwondo,2004-07-24
1977388,WALDRUM Randy,M,Head Coach,NGR,Football,1956-09-25
1977689,DIAWARA Kaba,M,Head Coach,GUI,Football,1975-12-16
1978161,CAPELLI Claudio,M,Coach,SUI,Artistic Gymnastics,1986-11-16
1978215,GUELZEC Laurent,M,Coach,SUI,Artistic Gymnastics,1971-04-22
1978259,KISTLER Frank,M,Coach,SUI,Artistic Gymnastics,1984-10-08
1978688,MUNOZ BENITEZ Fernando,M,Head Coach,EGY,Volleyball,1970-07-27
1980774,KIM Myong Hwa,F,Coach,PRK,Artistic Gymnastics,1971-03-02
1980904,TRAJKOVIC Ivan Konrad,M,Coach,SLO,Taekwondo,1991-09-01
1980943,PAVLIC Aljaz,M,Assistant Coach,SLO,Handball,1979-01-18
1980962,MIJATOVIC Branka,F,Assistant Coach,SLO,Handball,1973-07-19
1980979,ADZIC Dragan,M,Head Coach,SLO,Handball,1969-12-13
1980981,DROZHANOVA Elena,F,Coach,SLO,Rhythmic Gymnastics,1976-06-24
1980987,CRETU Gheorghe,M,Head Coach,SLO,Volleyball,1968-08-08
1980990,DIVKOVIC Goran,M,Coach,SLO,Taekwondo,1973-01-23
1981325,ZVIZEJ Luka,M,Assistant Coach,SLO,Handball,1980-12-09
1981356,de CECCO Matteo,M,Assistant Coach,SLO,Volleyball,1969-01-23
1981649,RETELJ Natasa,F,Coach,SLO,Artistic Gymnastics,1977-09-12
1981689,ZORMAN Uros,M,Head Coach,SLO,Handball,1980-01-09
1981697,KEDACIC Zoran,M,Assistant Coach,SLO,Volleyball,1984-04-06
1986732,MUGANGUZI Wani,M,Assistant Coach,NGR,Basketball,1990-06-26
2041085,FITZGERALD David,M,Coach,IRL,Hockey,1986-10-08
2476695,BAM Jenna,F,Head Coach,RSA,Rugby Sevens,1996-12-10
3057892,FALAHATGAR ETMINANI Davoud,M,Coach,BUL,Taekwondo,1980-06-21
3430822,PETROVIC Aleksandar,M,Coach,BRA,Basketball,1959-02-16
3496078,GORIATCHKINE Ivan,M,Coach,PHI,Artistic Gymnastics,1995-03-25
3520243,BASILE Leonardo,M,Coach,EOR,Taekwondo,1983-05-12
3528052,VICTOR John,M,Coach,NGR,Taekwondo,1977-05-22
3538853,DONNELLY Peter,M,Assistant Coach,IRL,Rugby Sevens,1983-01-12
3539442,CARSON Luke,M,Coach,IRL,Artistic Gymnastics,1989-10-23
3544158,GORBACHEV Stepan,M,Coach,UKR,Artistic Gymnastics,1983-10-02
3545804,MARAJAN Sabit,M,Coach,SSD,Taekwondo,1958-01-01
3546458,DIAWARA Fousseni,M,Assistant Coach,GUI,Football,1980-08-28
3546645,CAUKAUNIVALU Setefano,M,Assistant Coach,FIJ,Rugby Sevens,1978-09-03
3561918,GRANDES Pablo,M,Assistant Coach,IRQ,Football,1986-10-14
4043244,FONG Lerissa,F,Head Coach,SAM,Rugby Sevens,1982-05-13
4043245,POMARE Sapani,M,Head Coach,SAM,Rugby Sevens,1969-10-25
4043246,FAALUPEGA Avii,F,Head Coach,SAM,Rugby Sevens,1986-03-26
4044836,DAVID EP CHIRILCENCO Georgeta,F,Coach,ALG,Artistic Gymnastics,1974-03-10
4119109,ELZEFTAWEY Tarek,M,Assistant Coach,EGY,Volleyball,1975-04-12
4645809,GAARENSTROOM Jordan Jon,M,Coach,SYR,Artistic Gymnastics,1992-01-14
4646497,PROST KOSIR Primoz,M,Assistant Coach,SLO,Handball,1983-07-14
4649776,TRAORE Alioune,M,Coach,MLI,Taekwondo,1962-06-14
4653058,COCCIA Kristina,F,Coach,HAI,Artistic Gymnastics,1988-12-19
4653997,KAMKASOUMPHOU Ekvara,M,Coach,MLI,Taekwondo,1975-04-12
4658462,KHAJAVI Naeima,M,Coach,EGY,Taekwondo,1965-09-19
4847471,LAWSON Franck,M,Coach,BUR,Taekwondo,1976-09-23
4968759,Mc DONALD Janelle Leigh,F,Coach,PHI,Artistic Gymnastics,1982-12-21
4968917,QUESNEL Yannick,M,Goalkeeper Coach,GUI,Football,1973-10-24
4976780,TANSKANEN Juha Petteri,M,Coach,SYR,Artistic Gymnastics,1971-02-03
5016082,CHOUBA Jaouad,F,Coach,GBS,Taekwondo,1982-11-02
9230002,HERDEIRO Alvaro Francisco,M,Assistant Coach,BRA,Handball,1969-06-23
9230003,MAROJA Gabriel Augusto,M,Assistant Coach,BRA,Handball,1996-05-07
9230006,ALONSO BERNARDO Jessica,F,Assistant Coach,ESP,Handball,1983-09-20
9230010,LARSSON Thomas Erik Daniel,M,Assistant Coach,NED,Handball,
9230012,CAROU Gonzalo,M,Assistant Coach,ARG,Handball,
9230013,CAZON Guillermo,M,Assistant Coach,ARG,Handball,
9230017,CAAMANO Juan,M,Assistant Coach,ESP,Handball,1990-12-06
9230018,TORRESCUSA Ignacio,M,Assistant Coach,ESP,Handball,1994-07-21
9230020,GJERDE Joar,M,Assistant Coach,NOR,Handball,1988-11-01
9390001,BONDAR Vladyslav,M,Coach,BUR,Taekwondo,1998-03-26
9430008,CICHELLO Juan Manuel,M,Assistant Coach,ITA,Volleyball,
9450042,VASSILIADES Emmanuel,M,Assistant Coach,GRE,Water Polo,1979-08-03
